question,answer
"User: What historical event happened closest in time to the invention of the telephone: the American Civil War or the establishment of the Eiffel Tower?","Thought: The user wants to compare dates. First, I need to find out when the telephone was invented.
Action:
{{
  ""name"": ""web_search"",
  ""arguments"": {{""query"": ""year of telephone invention""}}
}}"
"User: What historical event happened closest in time to the invention of the telephone: the American Civil War or the establishment of the Eiffel Tower?
Assistant: Thought: The user wants to compare dates. First, I need to find out when the telephone was invented.
Action:
{{
  ""name"": ""web_search"",
  ""arguments"": {{""query"": ""year of telephone invention""}}
}}
Observation: ""The telephone was invented in 1876.""","Thought: Okay, the telephone was invented in 1876. Now I need the date for the American Civil War.
Action:
{{
  ""name"": ""web_search"",
  ""arguments"": {{""query"": ""year American Civil War ended""}}
}}"
"User: What historical event happened closest in time to the invention of the telephone: the American Civil War or the establishment of the Eiffel Tower?
Assistant: Thought: The user wants to compare dates. First, I need to find out when the telephone was invented.
Action:
{{
  ""name"": ""web_search"",
  ""arguments"": {{""query"": ""year of telephone invention""}}
}}
Observation: ""The telephone was invented in 1876.""
Assistant: Thought: Okay, the telephone was invented in 1876. Now I need the date for the American Civil War.
Action:
{{
  ""name"": ""web_search"",
  ""arguments"": {{""query"": ""year American Civil War ended""}}
}}
Observation: ""The American Civil War ended in 1865.""
Assistant: Thought: Now I have the telephone year (1876) and the Civil War year (1865). I still need the Eiffel Tower year.
Action:
{{
  ""name"": ""web_search"",
  ""arguments"": {{""query"": ""year Eiffel Tower established""}}
}}
Observation: ""The Eiffel Tower was completed in 1889.""","Thought: I have the three key dates: telephone (1876), Civil War end (1865), and Eiffel Tower (1889). Now I need to calculate the time difference between the telephone invention and the other two events to see which is closer.
Action:
{{
  ""name"": ""calculate"",
  ""arguments"": {{""expression"": ""|1876 - 1865| and |1889 - 1876|""}}
}}"
"User: Which country has a higher population density: Japan or India?","Thought: The user wants to compare population densities. I need the population and area for both Japan and India. I'll start by searching for Japan's data.
Action:
{{
  ""name"": ""web_search"",
  ""arguments"": {{""query"": ""population and area of Japan""}}
}}"
"User: Which country has a higher population density: Japan or India?
Assistant: Thought: The user wants to compare population densities. I need the population and area for both Japan and India. I'll start by searching for Japan's data.
Action:
{{
  ""name"": ""web_search"",
  ""arguments"": {{""query"": ""population and area of Japan""}}
}}
Observation: ""Japan has a population of 125 million and an area of 377,975 square kilometers.""
Assistant: Thought: I have the data for Japan. Now I need the population and area for India.
Action:
{{
  ""name"": ""web_search"",
  ""arguments"": {{""query"": ""population and area of India""}}
}}
Observation: ""India has a population of 1.38 billion and an area of 3,287,263 square kilometers.""","Thought: I have the population and area for both Japan (125M / 377,975 km²) and India (1.38B / 3,287,263 km²). Now I need to calculate the density (population / area) for each to compare them.
Action:
{{
  ""name"": ""calculate"",
  ""arguments"": {{""expression"": ""125 million / 377,975 and 1.38 billion / 3,287,263""}}
}}"
"User: How many moons does Jupiter have?","Thought: The user wants to know the number of moons orbiting Jupiter. I need to find the most recent data on Jupiter's moons.
Action:
{{
  ""name"": ""web_search"",
  ""arguments"": {{""query"": ""current number of moons of Jupiter""}}
}}"
"User: How many moons does Jupiter have?
Assistant: Thought: The user wants to know the number of moons orbiting Jupiter. I need to find the most recent data on Jupiter's moons.
Action:
{{
  ""name"": ""web_search"",
  ""arguments"": {{""query"": ""current number of moons of Jupiter""}}
}}
Observation: ""Jupiter has 79 known moons.""","Thought: I have the information that Jupiter has 79 known moons. I can now provide this as the final answer.
Action:
{{
  ""name"": ""final_answer"",
  ""arguments"": {{""answer"": ""Jupiter has 79 known moons."" }}
}}"
"User: Can you tell me the distance between Earth and Mars during opposition?","Thought: The user is asking about the distance between Earth and Mars during opposition. I need to find the average distance during this event.
Action:
{{
  ""name"": ""web_search"",
  ""arguments"": {{""query"": ""distance between Earth and Mars during opposition""}}
}}"
"User: Can you tell me the distance between Earth and Mars during opposition?
Assistant: Thought: The user is asking about the distance between Earth and Mars during opposition. I need to find the average distance during this event.
Action:
{{
  ""name"": ""web_search"",
  ""arguments"": {{""query"": ""distance between Earth and Mars during opposition""}}
}}
Observation: ""The average distance is about 54.6 million kilometers.""","Thought: I have found that the average distance between Earth and Mars during opposition is about 54.6 million kilometers. I can now provide this as the final answer.
Action:
{{
  ""name"": ""final_answer"",
  ""arguments"": {{""answer"": ""The average distance is about 54.6 million kilometers."" }}
}}"
"User: What is the boiling point of water on Mount Everest?","Thought: The user wants to know the boiling point of water at high altitudes, specifically on Mount Everest. I need to find the boiling point at that altitude.
Action:
{{
  ""name"": ""web_search"",
  ""arguments"": {{""query"": ""boiling point of water on Mount Everest""}}
}}"
"User: What is the boiling point of water on Mount Everest?
Assistant: Thought: The user wants to know the boiling point of water at high altitudes, specifically on Mount Everest. I need to find the boiling point at that altitude.
Action:
{{
  ""name"": ""web_search"",
  ""arguments"": {{""query"": ""boiling point of water on Mount Everest""}}
}}
Observation: ""The boiling point of water on Mount Everest is about 68°C.""","Thought: I have found that the boiling point of water on Mount Everest is about 68°C. I can now provide this as the final answer.
Action:
{{
  ""name"": ""final_answer"",
  ""arguments"": {{""answer"": ""The boiling point of water on Mount Everest is about 68°C."" }}
}}"
"User: How long does it take for light to travel from the Sun to Earth?","Thought: The user is asking about the time it takes for light to travel from the Sun to Earth. I need to find the average time for this journey.
Action:
{{
  ""name"": ""web_search"",
  ""arguments"": {{""query"": ""time for light to travel from Sun to Earth""}}
}}"
"User: How long does it take for light to travel from the Sun to Earth?
Assistant: Thought: The user is asking about the time it takes for light to travel from the Sun to Earth. I need to find the average time for this journey.
Action:
{{
  ""name"": ""web_search"",
  ""arguments"": {{""query"": ""time for light to travel from Sun to Earth""}}
}}
Observation: ""Light takes about 8 minutes and 20 seconds to travel from the Sun to Earth.""","Thought: I have found that light takes about 8 minutes and 20 seconds to travel from the Sun to Earth. I can now provide this as the final answer.
Action:
{{
  ""name"": ""final_answer"",
  ""arguments"": {{""answer"": ""Light takes about 8 minutes and 20 seconds to travel from the Sun to Earth."" }}
}}"
"User: What is the tallest building in the world?","Thought: The user wants to know the tallest building in the world. I need to find the most recent data on the tallest building.
Action:
{{
  ""name"": ""web_search"",
  ""arguments"": {{""query"": ""tallest building in the world""}}
}}"
"User: What is the tallest building in the world?
Assistant: Thought: The user wants to know the tallest building in the world. I need to find the most recent data on the tallest building.
Action:
{{
  ""name"": ""web_search"",
  ""arguments"": {{""query"": ""tallest building in the world""}}
}}
Observation: ""The tallest building in the world is the Burj Khalifa in Dubai, standing at 828 meters.""","Thought: I have found that the tallest building in the world is the Burj Khalifa in Dubai, standing at 828 meters. I can now provide this as the final answer.
Action:
{{
  ""name"": ""final_answer"",
  ""arguments"": {{""answer"": ""The tallest building in the world is the Burj Khalifa in Dubai, standing at 828 meters."" }}
}}"
"User: What is the speed of sound in water?","Thought: The user wants to know the speed of sound in water. I need to find the average speed of sound in water.
Action:
{{
  ""name"": ""web_search"",
  ""arguments"": {{""query"": ""speed of sound in water""}}
}}"
"User: What is the speed of sound in water?
Assistant: Thought: The user wants to know the speed of sound in water. I need to find the average speed of sound in water.
Action:
{{
  ""name"": ""web_search"",
  ""arguments"": {{""query"": ""speed of sound in water""}}
}}
Observation: ""The speed of sound in water is approximately 1,484 meters per second.""","Thought: I have found that the speed of sound in water is approximately 1,484 meters per second. I can now provide this as the final answer.
Action:
{{
  ""name"": ""final_answer"",
  ""arguments"": {{""answer"": ""The speed of sound in water is approximately 1,484 meters per second."" }}
}}"
"User: How many elements are there in the periodic table?","Thought: The user wants to know the total number of elements in the periodic table. I need to find the most recent count of elements.
Action:
{{
  ""name"": ""web_search"",
  ""arguments"": {{""query"": ""total number of elements in the periodic table""}}
}}"
"User: How many elements are there in the periodic table?
Assistant: Thought: The user wants to know the total number of elements in the periodic table. I need to find the most recent count of elements.
Action:
{{
  ""name"": ""web_search"",
  ""arguments"": {{""query"": ""total number of elements in the periodic table""}}
}}
Observation: ""There are 118 confirmed elements in the periodic table.""","Thought: I have found that there are 118 confirmed elements in the periodic table. I can now provide this as the final answer.
Action:
{{
  ""name"": ""final_answer"",
  ""arguments"": {{""answer"": ""There are 118 confirmed elements in the periodic table."" }}
}}"
"User: What is the largest planet in our solar system?","Thought: The user wants to know the largest planet in our solar system. I need to find the most recent data on the largest planet.
Action:
{{
  ""name"": ""web_search"",
  ""arguments"": {{""query"": ""largest planet in our solar system""}}
}}"
"User: What is the largest planet in our solar system?
Assistant: Thought: The user wants to know the largest planet in our solar system. I need to find the most recent data on the largest planet.
Action:
{{
  ""name"": ""web_search"",
  ""arguments"": {{""query"": ""largest planet in our solar system""}}
}}
Observation: ""The largest planet in our solar system is Jupiter.""","Thought: I have found that the largest planet in our solar system is Jupiter. I can now provide this as the final answer.
Action:
{{
  ""name"": ""final_answer"",
  ""arguments"": {{""answer"": ""The largest planet in our solar system is Jupiter."" }}
}}"
"User: What is the capital of Australia?","Thought: The user wants to know the capital city of Australia. I need to find the most recent data on the capital of Australia.
Action:
{{
  ""name"": ""web_search"",
  ""arguments"": {{""query"": ""capital of Australia""}}
}}"
"User: What is the capital of Australia?
Assistant: Thought: The user wants to know the capital city of Australia. I need to find the most recent data on the capital of Australia.
Action:
{{
  ""name"": ""web_search"",
  ""arguments"": {{""query"": ""capital of Australia""}}
}}
Observation: ""The capital of Australia is Canberra.""","Thought: I have found that the capital of Australia is Canberra. I can now provide this as the final answer.
Action:
{{
  ""name"": ""final_answer"",
  ""arguments"": {{""answer"": ""The capital of Australia is Canberra."" }}
}}"
"User: What is the chemical formula for table salt?","Thought: The user wants to know the chemical formula for table salt. I need to find the most recent data on the chemical formula.
Action:
{{
  ""name"": ""web_search"",
  ""arguments"": {{""query"": ""chemical formula for table salt""}}
}}"
"User: What is the chemical formula for table salt?
Assistant: Thought: The user wants to know the chemical formula for table salt. I need to find the most recent data on the chemical formula.
Action:
{{
  ""name"": ""web_search"",
  ""arguments"": {{""query"": ""chemical formula for table salt""}}
}}
Observation: ""The chemical formula for table salt is NaCl.""","Thought: I have found that the chemical formula for table salt is NaCl. I can now provide this as the final answer.
Action:
{{
  ""name"": ""final_answer"",
  ""arguments"": {{""answer"": ""The chemical formula for table salt is NaCl."" }}
}}"
"User: What is the main ingredient in glass?","Thought: The user wants to know the main ingredient used in making glass. I need to find the most recent data on the main ingredient.
Action:
{{
  ""name"": ""web_search"",
  ""arguments"": {{""query"": ""main ingredient in glass""}}
}}"
"User: What is the main ingredient in glass?
Assistant: Thought: The user wants to know the main ingredient used in making glass. I need to find the most recent data on the main ingredient.
Action:
{{
  ""name"": ""web_search"",
  ""arguments"": {{""query"": ""main ingredient in glass""}}
}}
Observation: ""The main ingredient in glass is silica, or silicon dioxide.""","Thought: I have found that the main ingredient in glass is silica, or silicon dioxide. I can now provide this as the final answer.
Action:
{{
  ""name"": ""final_answer"",
  ""arguments"": {{""answer"": ""The main ingredient in glass is silica, or silicon dioxide."" }}
}}"
"User: What is the most abundant gas in Earth's atmosphere?","Thought: The user wants to know the most abundant gas in Earth's atmosphere. I need to find the most recent data on the composition of Earth's atmosphere.
Action:
{{
  ""name"": ""web_search"",
  ""arguments"": {{""query"": ""most abundant gas in Earth's atmosphere""}}
}}"
"User: What is the most abundant gas in Earth's atmosphere?
Assistant: Thought: The user wants to know the most abundant gas in Earth's atmosphere. I need to find the most recent data on the composition of Earth's atmosphere.
Action:
{{
  ""name"": ""web_search"",
  ""arguments"": {{""query"": ""most abundant gas in Earth's atmosphere""}}
}}
Observation: ""The most abundant gas in Earth's atmosphere is nitrogen, making up about 78%.""","Thought: I have found that the most abundant gas in Earth's atmosphere is nitrogen, making up about 78%. I can now provide this as the final answer.
Action:
{{
  ""name"": ""final_answer"",
  ""arguments"": {{""answer"": ""The most abundant gas in Earth's atmosphere is nitrogen, making up about 78%."" }}
}}"
"User: What is the smallest bone in the human body?","Thought: The user wants to know the smallest bone in the human body. I need to find the most recent data on the smallest bone.
Action:
{{
  ""name"": ""web_search"",
  ""arguments"": {{""query"": ""smallest bone in the human body""}}
}}"
"User: What is the smallest bone in the human body?
Assistant: Thought: The user wants to know the smallest bone in the human body. I need to find the most recent data on the smallest bone.
Action:
{{
  ""name"": ""web_search"",
  ""arguments"": {{""query"": ""smallest bone in the human body""}}
}}
Observation: ""The smallest bone in the human body is the stapes, located in the middle ear.""","Thought: I have found that the smallest bone in the human body is the stapes, located in the middle ear. I can now provide this as the final answer.
Action:
{{
  ""name"": ""final_answer"",
  ""arguments"": {{""answer"": ""The smallest bone in the human body is the stapes, located in the middle ear."" }}
}}"
"User: What is the largest organ in the human body?","Thought: The user wants to know the largest organ in the human body. I need to find the most recent data on the largest organ.
Action:
{{
  ""name"": ""web_search"",
  ""arguments"": {{""query"": ""largest organ in the human body""}}
}}"
"User: What is the largest organ in the human body?
Assistant: Thought: The user wants to know the largest organ in the human body. I need to find the most recent data on the largest organ.
Action:
{{
  ""name"": ""web_search"",
  ""arguments"": {{""query"": ""largest organ in the human body""}}
}}
Observation: ""The largest organ in the human body is the skin.""","Thought: I have found that the largest organ in the human body is the skin. I can now provide this as the final answer.
Action:
{{
  ""name"": ""final_answer"",
  ""arguments"": {{""answer"": ""The largest organ in the human body is the skin."" }}
}}"
"User: What is the most spoken language in the world?","Thought: The user wants to know the most spoken language in the world. I need to find the most recent data on the most spoken language.
Action:
{{
  ""name"": ""web_search"",
  ""arguments"": {{""query"": ""most spoken language in the world""}}
}}"
"User: What is the most spoken language in the world?
Assistant: Thought: The user wants to know the most spoken language in the world. I need to find the most recent data on the most spoken language.
Action:
{{
  ""name"": ""web_search"",
  ""arguments"": {{""query"": ""most spoken language in the world""}}
}}
Observation: ""The most spoken language in the world is English.""","Thought: I have found that the most spoken language in the world is English. I can now provide this as the final answer.
Action:
{{
  ""name"": ""final_answer"",
  ""arguments"": {{""answer"": ""The most spoken language in the world is English."" }}
}}"
"User: What is the most common element in the universe?","Thought: The user wants to know the most common element in the universe. I need to find the most recent data on the most common element.
Action:
{{
  ""name"": ""web_search"",
  ""arguments"": {{""query"": ""most common element in the universe""}}
}}"
"User: What is the most common element in the universe?
Assistant: Thought: The user wants to know the most common element in the universe. I need to find the most recent data on the most common element.
Action:
{{
  ""name"": ""web_search"",
  ""arguments"": {{""query"": ""most common element in the universe""}}
}}
Observation: ""The most common element in the universe is hydrogen.""","Thought: I have found that the most common element in the universe is hydrogen. I can now provide this as the final answer.
Action:
{{
  ""name"": ""final_answer"",
  ""arguments"": {{""answer"": ""The most common element in the universe is hydrogen."" }}
}}"
"User: What is the fastest land animal?","Thought: The user wants to know the fastest land animal. I need to find the most recent data on the fastest land animal.
Action:
{{
  ""name"": ""web_search"",
  ""arguments"": {{""query"": ""fastest land animal""}}
}}"
"User: What is the fastest land animal?
Assistant: Thought: The user wants to know the fastest land animal. I need to find the most recent data on the fastest land animal.
Action:
{{
  ""name"": ""web_search"",
  ""arguments"": {{""query"": ""fastest land animal""}}
}}
Observation: ""The fastest land animal is the cheetah.""","Thought: I have found that the fastest land animal is the cheetah. I can now provide this as the final answer.
Action:
{{
  ""name"": ""final_answer"",
  ""arguments"": {{""answer"": ""The fastest land animal is the cheetah."" }}
}}"
"User: What is the largest ocean on Earth?","Thought: The user wants to know the largest ocean on Earth. I need to find the most recent data on the largest ocean.
Action:
{{
  ""name"": ""web_search"",
  ""arguments"": {{""query"": ""largest ocean on Earth""}}
}}"
"User: What is the largest ocean on Earth?
Assistant: Thought: The user wants to know the largest ocean on Earth. I need to find the most recent data on the largest ocean.
Action:
{{
  ""name"": ""web_search"",
  ""arguments"": {{""query"": ""largest ocean on Earth""}}
}}
Observation: ""The largest ocean on Earth is the Pacific Ocean.""","Thought: I have found that the largest ocean on Earth is the Pacific Ocean. I can now provide this as the final answer.
Action:
{{
  ""name"": ""final_answer"",
  ""arguments"": {{""answer"": ""The largest ocean on Earth is the Pacific Ocean."" }}
}}"
"User: What is the most visited city in the world?","Thought: The user wants to know the most visited city in the world. I need to find the most recent data on the most visited city.
Action:
{{
  ""name"": ""web_search"",
  ""arguments"": {{""query"": ""most visited city in the world""}}
}}"
"User: What is the most visited city in the world?
Assistant: Thought: The user wants to know the most visited city in the world. I need to find the most recent data on the most visited city.
Action:
{{
  ""name"": ""web_search"",
  ""arguments"": {{""query"": ""most visited city in the world""}}
}}
Observation: ""The most visited city in the world is Bangkok.""","Thought: I have found that the most visited city in the world is Bangkok. I can now provide this as the final answer.
Action:
{{
  ""name"": ""final_answer"",
  ""arguments"": {{""answer"": ""The most visited city in the world is Bangkok."" }}
}}"
"User: What is the most expensive painting ever sold?","Thought: The user wants to know the most expensive painting ever sold. I need to find the most recent data on the most expensive painting.
Action:
{{
  ""name"": ""web_search"",
  ""arguments"": {{""query"": ""most expensive painting ever sold""}}
}}"
"User: What is the most expensive painting ever sold?
Assistant: Thought: The user wants to know the most expensive painting ever sold. I need to find the most recent data on the most expensive painting.
Action:
{{
  ""name"": ""web_search"",
  ""arguments"": {{""query"": ""most expensive painting ever sold""}}
}}
Observation: ""The most expensive painting ever sold is Leonardo da Vinci's 'Salvator Mundi'.""","Thought: I have found that the most expensive painting ever sold is Leonardo da Vinci's 'Salvator Mundi'. I can now provide this as the final answer.
Action:
{{
  ""name"": ""final_answer"",
  ""arguments"": {{""answer"": ""The most expensive painting ever sold is Leonardo da Vinci's 'Salvator Mundi'."" }}
}}"
"User: What is the most popular sport in the world?","Thought: The user wants to know the most popular sport in the world. I need to find the most recent data on the most popular sport.
Action:
{{
  ""name"": ""web_search"",
  ""arguments"": {{""query"": ""most popular sport in the world""}}
}}"
"User: What is the most popular sport in the world?
Assistant: Thought: The user wants to know the most popular sport in the world. I need to find the most recent data on the most popular sport.
Action:
{{
  ""name"": ""web_search"",
  ""arguments"": {{""query"": ""most popular sport in the world""}}
}}
Observation: ""The most popular sport in the world is soccer.""","Thought: I have found that the most popular sport in the world is soccer. I can now provide this as the final answer.
Action:
{{
  ""name"": ""final_answer"",
  ""arguments"": {{""answer"": ""The most popular sport in the world is soccer."" }}
}}"
"User: What is the most common blood type?","Thought: The user wants to know the most common blood type. I need to find the most recent data on the most common blood type.
Action:
{{
  ""name"": ""web_search"",
  ""arguments"": {{""query"": ""most common blood type""}}
}}"
"User: What is the most common blood type?
Assistant: Thought: The user wants to know the most common blood type. I need to find the most recent data on the most common blood type.
Action:
{{
  ""name"": ""web_search"",
  ""arguments"": {{""query"": ""most common blood type""}}
}}
Observation: ""The most common blood type is O positive.""","Thought: I have found that the most common blood type is O positive. I can now provide this as the final answer.
Action:
{{
  ""name"": ""final_answer"",
  ""arguments"": {{""answer"": ""The most common blood type is O positive."" }}
}}"
"User: What is the most common cause of death worldwide?","Thought: The user wants to know the most common cause of death worldwide. I need to find the most recent data on the most common cause of death.
Action:
{{
  ""name"": ""web_search"",
  ""arguments"": {{""query"": ""most common cause of death worldwide""}}
}}"
"User: What is the most common cause of death worldwide?
Assistant: Thought: The user wants to know the most common cause of death worldwide. I need to find the most recent data on the most common cause of death.
Action:
{{
  ""name"": ""web_search"",
  ""arguments"": {{""query"": ""most common cause of death worldwide""}}
}}
Observation: ""The most common cause of death worldwide is heart disease.""","Thought: I have found that the most common cause of death worldwide is heart disease. I can now provide this as the final answer.
Action:
{{
  ""name"": ""final_answer"",
  ""arguments"": {{""answer"": ""The most common cause of death worldwide is heart disease."" }}
}}"
"User: What is the most common type of cancer?","Thought: The user wants to know the most common type of cancer. I need to find the most recent data on the most common type of cancer.
Action:
{{
  ""name"": ""web_search"",
  ""arguments"": {{""query"": ""most common type of cancer""}}
}}"
"User: What is the most common type of cancer?
Assistant: Thought: The user wants to know the most common type of cancer. I need to find the most recent data on the most common type of cancer.
Action:
{{
  ""name"": ""web_search"",
  ""arguments"": {{""query"": ""most common type of cancer""}}
}}
Observation: ""The most common type of cancer is breast cancer.""","Thought: I have found that the most common type of cancer is breast cancer. I can now provide this as the final answer.
Action:
{{
  ""name"": ""final_answer"",
  ""arguments"": {{""answer"": ""The most common type of cancer is breast cancer."" }}
}}"
"User: What is the most common mental disorder?","Thought: The user wants to know the most common mental disorder. I need to find the most recent data on the most common mental disorder.
Action:
{{
  ""name"": ""web_search"",
  ""arguments"": {{""query"": ""most common mental disorder""}}
}}"
"User: What is the most common mental disorder?
Assistant: Thought: The user wants to know the most common mental disorder. I need to find the most recent data on the most common mental disorder.
Action:
{{
  ""name"": ""web_search"",
  ""arguments"": {{""query"": ""most common mental disorder""}}
}}
Observation: ""The most common mental disorder is anxiety disorder.""","Thought: I have found that the most common mental disorder is anxiety disorder. I can now provide this as the final answer.
Action:
{{
  ""name"": ""final_answer"",
  ""arguments"": {{""answer"": ""The most common mental disorder is anxiety disorder."" }}
}}"
"User: What is the most common phobia?","Thought: The user wants to know the most common phobia. I need to find the most recent data on the most common phobia.
Action:
{{
  ""name"": ""web_search"",
  ""arguments"": {{""query"": ""most common phobia""}}
}}"
"User: What is the most common phobia?
Assistant: Thought: The user wants to know the most common phobia. I need to find the most recent data on the most common phobia.
Action:
{{
  ""name"": ""web_search"",
  ""arguments"": {{""query"": ""most common phobia""}}
}}
Observation: ""The most common phobia is arachnophobia, the fear of spiders.""","Thought: I have found that the most common phobia is arachnophobia, the fear of spiders. I can now provide this as the final answer.
Action:
{{
  ""name"": ""final_answer"",
  ""arguments"": {{""answer"": ""The most common phobia is arachnophobia, the fear of spiders."" }}
}}"
"User: What is the most common allergy?","Thought: The user wants to know the most common allergy. I need to find the most recent data on the most common allergy.
Action:
{{
  ""name"": ""web_search"",
  ""arguments"": {{""query"": ""most common allergy""}}
}}"
"User: What is the most common allergy?
Assistant: Thought: The user wants to know the most common allergy. I need to find the most recent data on the most common allergy.
Action:
{{
  ""name"": ""web_search"",
  ""arguments"": {{""query"": ""most common allergy""}}
}}
Observation: ""The most common allergy is hay fever, caused by pollen.""","Thought: I have found that the most common allergy is hay fever, caused by pollen. I can now provide this as the final answer.
Action:
{{
  ""name"": ""final_answer"",
  ""arguments"": {{""answer"": ""The most common allergy is hay fever, caused by pollen."" }}
}}"
"User: What is the most common infectious disease?","Thought: The user wants to know the most common infectious disease. I need to find the most recent data on the most common infectious disease.
Action:
{{
  ""name"": ""web_search"",
  ""arguments"": {{""query"": ""most common infectious disease""}}
}}"
"User: What is the most common infectious disease?
Assistant: Thought: The user wants to know the most common infectious disease. I need to find the most recent data on the most common infectious disease.
Action:
{{
  ""name"": ""web_search"",
  ""arguments"": {{""query"": ""most common infectious disease""}}
}}
Observation: ""The most common infectious disease is the common cold.""","Thought: I have found that the most common infectious disease is the common cold. I can now provide this as the final answer.
Action:
{{
  ""name"": ""final_answer"",
  ""arguments"": {{""answer"": ""The most common infectious disease is the common cold."" }}
}}"
"User: What is the most common non-communicable disease?","Thought: The user wants to know the most common non-communicable disease. I need to find the most recent data on the most common non-communicable disease.
Action:
{{
  ""name"": ""web_search"",
  ""arguments"": {{""query"": ""most common non-communicable disease""}}
}}"
"User: What is the most common non-communicable disease?
Assistant: Thought: The user wants to know the most common non-communicable disease. I need to find the most recent data on the most common non-communicable disease.
Action:
{{
  ""name"": ""web_search"",
  ""arguments"": {{""query"": ""most common non-communicable disease""}}
}}
Observation: ""The most common non-communicable disease is cardiovascular disease.""","Thought: I have found that the most common non-communicable disease is cardiovascular disease. I can now provide this as the final answer.
Action:
{{
  ""name"": ""final_answer"",
  ""arguments"": {{""answer"": ""The most common non-communicable disease is cardiovascular disease."" }}
}}"
"User: What is the most common chronic disease?","Thought: The user wants to know the most common chronic disease. I need to find the most recent data on the most common chronic disease.
Action:
{{
  ""name"": ""web_search"",
  ""arguments"": {{""query"": ""most common chronic disease""}}
}}"
"User: What is the most common chronic disease?
Assistant: Thought: The user wants to know the most common chronic disease. I need to find the most recent data on the most common chronic disease.
Action:
{{
  ""name"": ""web_search"",
  ""arguments"": {{""query"": ""most common chronic disease""}}
}}
Observation: ""The most common chronic disease is hypertension.""","Thought: I have found that the most common chronic disease is hypertension. I can now provide this as the final answer.
Action:
{{
  ""name"": ""final_answer"",
  ""arguments"": {{""answer"": ""The most common chronic disease is hypertension."" }}
}}"
"User: What is the most common genetic disorder?","Thought: The user wants to know the most common genetic disorder. I need to find the most recent data on the most common genetic disorder.
Action:
{{
  ""name"": ""web_search"",
  ""arguments"": {{""query"": ""most common genetic disorder""}}
}}"
"User: What is the most common genetic disorder?
Assistant: Thought: The user wants to know the most common genetic disorder. I need to find the most recent data on the most common genetic disorder.
Action:
{{
  ""name"": ""web_search"",
  ""arguments"": {{""query"": ""most common genetic disorder""}}
}}
Observation: ""The most common genetic disorder is cystic fibrosis.""","Thought: I have found that the most common genetic disorder is cystic fibrosis. I can now provide this as the final answer.
Action:
{{
  ""name"": ""final_answer"",
  ""arguments"": {{""answer"": ""The most common genetic disorder is cystic fibrosis."" }}
}}"
"User: What is the most common autoimmune disease?","Thought: The user wants to know the most common autoimmune disease. I need to find the most recent data on the most common autoimmune disease.
Action:
{{
  ""name"": ""web_search"",
  ""arguments"": {{""query"": ""most common autoimmune disease""}}
}}"
"User: What is the most common autoimmune disease?
Assistant: Thought: The user wants to know the most common autoimmune disease. I need to find the most recent data on the most common autoimmune disease.
Action:
{{
  ""name"": ""web_search"",
  ""arguments"": {{""query"": ""most common autoimmune disease""}}
}}
Observation: ""The most common autoimmune disease is rheumatoid arthritis.""","Thought: I have found that the most common autoimmune disease is rheumatoid arthritis. I can now provide this as the final answer.
Action:
{{
  ""name"": ""final_answer"",
  ""arguments"": {{""answer"": ""The most common autoimmune disease is rheumatoid arthritis."" }}
}}"
"User: What is the most common nutritional deficiency?","Thought: The user wants to know the most common nutritional deficiency. I need to find the most recent data on the most common nutritional deficiency.
Action:
{{
  ""name"": ""web_search"",
  ""arguments"": {{""query"": ""most common nutritional deficiency""}}
}}"
"User: What is the most common nutritional deficiency?
Assistant: Thought: The user wants to know the most common nutritional deficiency. I need to find the most recent data on the most common nutritional deficiency.
Action:
{{
  ""name"": ""web_search"",
  ""arguments"": {{""query"": ""most common nutritional deficiency""}}
}}
Observation: ""The most common nutritional deficiency is iron deficiency.""","Thought: I have found that the most common nutritional deficiency is iron deficiency. I can now provide this as the final answer.
Action:
{{
  ""name"": ""final_answer"",
  ""arguments"": {{""answer"": ""The most common nutritional deficiency is iron deficiency."" }}
}}"
"User: What is the most common vitamin deficiency?","Thought: The user wants to know the most common vitamin deficiency. I need to find the most recent data on the most common vitamin deficiency.
Action:
{{
  ""name"": ""web_search"",
  ""arguments"": {{""query"": ""most common vitamin deficiency""}}
}}"
"User: What is the most common vitamin deficiency?
Assistant: Thought: The user wants to know the most common vitamin deficiency. I need to find the most recent data on the most common vitamin deficiency.
Action:
{{
  ""name"": ""web_search"",
  ""arguments"": {{""query"": ""most common vitamin deficiency""}}
}}
Observation: ""The most common vitamin deficiency is vitamin D deficiency.""","Thought: I have found that the most common vitamin deficiency is vitamin D deficiency. I can now provide this as the final answer.
Action:
{{
  ""name"": ""final_answer"",
  ""arguments"": {{""answer"": ""The most common vitamin deficiency is vitamin D deficiency."" }}
}}"
"User: What is the most common mineral deficiency?","Thought: The user wants to know the most common mineral deficiency. I need to find the most recent data on the most common mineral deficiency.
Action:
{{
  ""name"": ""web_search"",
  ""arguments"": {{""query"": ""most common mineral deficiency""}}
}}"
"User: What is the most common mineral deficiency?
Assistant: Thought: The user wants to know the most common mineral deficiency. I need to find the most recent data on the most common mineral deficiency.
Action:
{{
  ""name"": ""web_search"",
  ""arguments"": {{""query"": ""most common mineral deficiency""}}
}}
Observation: ""The most common mineral deficiency is calcium deficiency.""","Thought: I have found that the most common mineral deficiency is calcium deficiency. I can now provide this as the final answer.
Action:
{{
  ""name"": ""final_answer"",
  ""arguments"": {{""answer"": ""The most common mineral deficiency is calcium deficiency."" }}
}}"
"User: What is the most common protein deficiency?","Thought: The user wants to know the most common protein deficiency. I need to find the most recent data on the most common protein deficiency.
Action:
{{
  ""name"": ""web_search"",
  ""arguments"": {{""query"": ""most common protein deficiency""}}
}}"
"User: What is the most common protein deficiency?
Assistant: Thought: The user wants to know the most common protein deficiency. I need to find the most recent data on the most common protein deficiency.
Action:
{{
  ""name"": ""web_search"",
  ""arguments"": {{""query"": ""most common protein deficiency""}}
}}
Observation: ""The most common protein deficiency is kwashiorkor.""","Thought: I have found that the most common protein deficiency is kwashiorkor. I can now provide this as the final answer.
Action:
{{
  ""name"": ""final_answer"",
  ""arguments"": {{""answer"": ""The most common protein deficiency is kwashiorkor."" }}
}}"
"User: What is the most common carbohydrate deficiency?","Thought: The user wants to know the most common carbohydrate deficiency. I need to find the most recent data on the most common carbohydrate deficiency.
Action:
{{
  ""name"": ""web_search"",
  ""arguments"": {{""query"": ""most common carbohydrate deficiency""}}
}}"
"User: What is the most common carbohydrate deficiency?
Assistant: Thought: The user wants to know the most common carbohydrate deficiency. I need to find the most recent data on the most common carbohydrate deficiency.
Action:
{{
  ""name"": ""web_search"",
  ""arguments"": {{""query"": ""most common carbohydrate deficiency""}}
}}
Observation: ""Carbohydrate deficiency is not commonly recognized as a deficiency because carbohydrates are abundant in most diets.""","Thought: I have found that carbohydrate deficiency is not commonly recognized as a deficiency because carbohydrates are abundant in most diets. I can now provide this as the final answer.
Action:
{{
  ""name"": ""final_answer"",
  ""arguments"": {{""answer"": ""Carbohydrate deficiency is not commonly recognized as a deficiency because carbohydrates are abundant in most diets."" }}
}}"
"User: What is the most common fat deficiency?","Thought: The user wants to know the most common fat deficiency. I need to find the most recent data on the most common fat deficiency.
Action:
{{
  ""name"": ""web_search"",
  ""arguments"": {{""query"": ""most common fat deficiency""}}
}}"
"User: What is the most common fat deficiency?
Assistant: Thought: The user wants to know the most common fat deficiency. I need to find the most recent data on the most common fat deficiency.
Action:
{{
  ""name"": ""web_search"",
  ""arguments"": {{""query"": ""most common fat deficiency""}}
}}
Observation: ""The most common fat deficiency is essential fatty acid deficiency.""","Thought: I have found that the most common fat deficiency is essential fatty acid deficiency. I can now provide this as the final answer.
Action:
{{
  ""name"": ""final_answer"",
  ""arguments"": {{""answer"": ""The most common fat deficiency is essential fatty acid deficiency."" }}
}}"
"User: What is the most common water deficiency?","Thought: The user wants to know the most common water deficiency. I need to find the most recent data on the most common water deficiency.
Action:
{{
  ""name"": ""web_search"",
  ""arguments"": {{""query"": ""most common water deficiency""}}
}}"
"User: What is the most common water deficiency?
Assistant: Thought: The user wants to know the most common water deficiency. I need to find the most recent data on the most common water deficiency.
Action:
{{
  ""name"": ""web_search"",
  ""arguments"": {{""query"": ""most common water deficiency""}}
}}
Observation: ""The most common water deficiency is dehydration.""","Thought: I have found that the most common water deficiency is dehydration. I can now provide this as the final answer.
Action:
{{
  ""name"": ""final_answer"",
  ""arguments"": {{""answer"": ""The most common water deficiency is dehydration."" }}
}}"
"User: What is the most common fiber deficiency?","Thought: The user wants to know the most common fiber deficiency. I need to find the most recent data on the most common fiber deficiency.
Action:
{{
  ""name"": ""web_search"",
  ""arguments"": {{""query"": ""most common fiber deficiency""}}
}}"
"User: What is the most common fiber deficiency?
Assistant: Thought: The user wants to know the most common fiber deficiency. I need to find the most recent data on the most common fiber deficiency.
Action:
{{
  ""name"": ""web_search"",
  ""arguments"": {{""query"": ""most common fiber deficiency""}}
}}
Observation: ""The most common fiber deficiency is dietary fiber deficiency, leading to constipation.""","Thought: I have found that the most common fiber deficiency is dietary fiber deficiency, leading to constipation. I can now provide this as the final answer.
Action:
{{
  ""name"": ""final_answer"",
  ""arguments"": {{""answer"": ""The most common fiber deficiency is dietary fiber deficiency, leading to constipation."" }}
}}"
"User: What is the most common antioxidant deficiency?","Thought: The user wants to know the most common antioxidant deficiency. I need to find the most recent data on the most common antioxidant deficiency.
Action:
{{
  ""name"": ""web_search"",
  ""arguments"": {{""query"": ""most common antioxidant deficiency""}}
}}"
"User: What is the most common antioxidant deficiency?
Assistant: Thought: The user wants to know the most common antioxidant deficiency. I need to find the most recent data on the most common antioxidant deficiency.
Action:
{{
  ""name"": ""web_search"",
  ""arguments"": {{""query"": ""most common antioxidant deficiency""}}
}}
Observation: ""The most common antioxidant deficiency is vitamin C deficiency.""","Thought: I have found that the most common antioxidant deficiency is vitamin C deficiency. I can now provide this as the final answer.
Action:
{{
  ""name"": ""final_answer"",
  ""arguments"": {{""answer"": ""The most common antioxidant deficiency is vitamin C deficiency."" }}
}}"
"User: What is the most common enzyme deficiency?","Thought: The user wants to know the most common enzyme deficiency. I need to find the most recent data on the most common enzyme deficiency.
Action:
{{
  ""name"": ""web_search"",
  ""arguments"": {{""query"": ""most common enzyme deficiency""}}
}}"
"User: What is the most common enzyme deficiency?
Assistant: Thought: The user wants to know the most common enzyme deficiency. I need to find the most recent data on the most common enzyme deficiency.
Action:
{{
  ""name"": ""web_search"",
  ""arguments"": {{""query"": ""most common enzyme deficiency""}}
}}
Observation: ""The most common enzyme deficiency is lactase deficiency, leading to lactose intolerance.""","Thought: I have found that the most common enzyme deficiency is lactase deficiency, leading to lactose intolerance. I can now provide this as the final answer.
Action:
{{
  ""name"": ""final_answer"",
  ""arguments"": {{""answer"": ""The most common enzyme deficiency is lactase deficiency, leading to lactose intolerance."" }}
}}"
"User: What is the most common hormone deficiency?","Thought: The user wants to know the most common hormone deficiency. I need to find the most recent data on the most common hormone deficiency.
Action:
{{
  ""name"": ""web_search"",
  ""arguments"": {{""query"": ""most common hormone deficiency""}}
}}"
"User: What is the most common hormone deficiency?
Assistant: Thought: The user wants to know the most common hormone deficiency. I need to find the most recent data on the most common hormone deficiency.
Action:
{{
  ""name"": ""web_search"",
  ""arguments"": {{""query"": ""most common hormone deficiency""}}
}}
Observation: ""The most common hormone deficiency is insulin deficiency, leading to diabetes.""","Thought: I have found that the most common hormone deficiency is insulin deficiency, leading to diabetes. I can now provide this as the final answer.
Action:
{{
  ""name"": ""final_answer"",
  ""arguments"": {{""answer"": ""The most common hormone deficiency is insulin deficiency, leading to diabetes."" }}
}}"
"User: What is the most common neurotransmitter deficiency?","Thought: The user wants to know the most common neurotransmitter deficiency. I need to find the most recent data on the most common neurotransmitter deficiency.
Action:
{{
  ""name"": ""web_search"",
  ""arguments"": {{""query"": ""most common neurotransmitter deficiency""}}
}}"
"User: What is the most common neurotransmitter deficiency?
Assistant: Thought: The user wants to know the most common neurotransmitter deficiency. I need to find the most recent data on the most common neurotransmitter deficiency.
Action:
{{
  ""name"": ""web_search"",
  ""arguments"": {{""query"": ""most common neurotransmitter deficiency""}}
}}
Observation: ""The most common neurotransmitter deficiency is serotonin deficiency, leading to depression.""","Thought: I have found that the most common neurotransmitter deficiency is serotonin deficiency, leading to depression. I can now provide this as the final answer.
Action:
{{
  ""name"": ""final_answer"",
  ""arguments"": {{""answer"": ""The most common neurotransmitter deficiency is serotonin deficiency, leading to depression."" }}
}}"
"User: What is the most common genetic mutation?","Thought: The user wants to know the most common genetic mutation. I need to find the most recent data on the most common genetic mutation.
Action:
{{
  ""name"": ""web_search"",
  ""arguments"": {{""query"": ""most common genetic mutation""}}
}}"
"User: What is the most common genetic mutation?
Assistant: Thought: The user wants to know the most common genetic mutation. I need to find the most recent data on the most common genetic mutation.
Action:
{{
  ""name"": ""web_search"",
  ""arguments"": {{""query"": ""most common genetic mutation""}}
}}
Observation: ""The most common genetic mutation is the MTHFR mutation.""","Thought: I have found that the most common genetic mutation is the MTHFR mutation. I can now provide this as the final answer.
Action:
{{
  ""name"": ""final_answer"",
  ""arguments"": {{""answer"": ""The most common genetic mutation is the MTHFR mutation."" }}
}}"
"User: What is the most common chromosomal disorder?","Thought: The user wants to know the most common chromosomal disorder. I need to find the most recent data on the most common chromosomal disorder.
Action:
{{
  ""name"": ""web_search"",
  ""arguments"": {{""query"": ""most common chromosomal disorder""}}
}}"
"User: What is the most common chromosomal disorder?
Assistant: Thought: The user wants to know the most common chromosomal disorder. I need to find the most recent data on the most common chromosomal disorder.
Action:
{{
  ""name"": ""web_search"",
  ""arguments"": {{""query"": ""most common chromosomal disorder""}}
}}
Observation: ""The most common chromosomal disorder is Down syndrome.""","Thought: I have found that the most common chromosomal disorder is Down syndrome. I can now provide this as the final answer.
Action:
{{
  ""name"": ""final_answer"",
  ""arguments"": {{""answer"": ""The most common chromosomal disorder is Down syndrome."" }}
}}"
"User: What is the most common metabolic disorder?","Thought: The user wants to know the most common metabolic disorder. I need to find the most recent data on the most common metabolic disorder.
Action:
{{
  ""name"": ""web_search"",
  ""arguments"": {{""query"": ""most common metabolic disorder""}}
}}"
"User: What is the most common metabolic disorder?
Assistant: Thought: The user wants to know the most common metabolic disorder. I need to find the most recent data on the most common metabolic disorder.
Action:
{{
  ""name"": ""web_search"",
  ""arguments"": {{""query"": ""most common metabolic disorder""}}
}}
Observation: ""The most common metabolic disorder is diabetes mellitus.""","Thought: I have found that the most common metabolic disorder is diabetes mellitus. I can now provide this as the final answer.
Action:
{{
  ""name"": ""final_answer"",
  ""arguments"": {{""answer"": ""The most common metabolic disorder is diabetes mellitus."" }}
}}"
"User: What is the most common endocrine disorder?","Thought: The user wants to know the most common endocrine disorder. I need to find the most recent data on the most common endocrine disorder.
Action:
{{
  ""name"": ""web_search"",
  ""arguments"": {{""query"": ""most common endocrine disorder""}}
}}"
"User: What is the most common endocrine disorder?
Assistant: Thought: The user wants to know the most common endocrine disorder. I need to find the most recent data on the most common endocrine disorder.
Action:
{{
  ""name"": ""web_search"",
  ""arguments"": {{""query"": ""most common endocrine disorder""}}
}}
Observation: ""The most common endocrine disorder is hypothyroidism.""","Thought: I have found that the most common endocrine disorder is hypothyroidism. I can now provide this as the final answer.
Action:
{{
  ""name"": ""final_answer"",
  ""arguments"": {{""answer"": ""The most common endocrine disorder is hypothyroidism."" }}
}}"
"User: What is the most common respiratory disorder?","Thought: The user wants to know the most common respiratory disorder. I need to find the most recent data on the most common respiratory disorder.
Action:
{{
  ""name"": ""web_search"",
  ""arguments"": {{""query"": ""most common respiratory disorder""}}
}}"
"User: What is the most common respiratory disorder?
Assistant: Thought: The user wants to know the most common respiratory disorder. I need to find the most recent data on the most common respiratory disorder.
Action:
{{
  ""name"": ""web_search"",
  ""arguments"": {{""query"": ""most common respiratory disorder""}}
}}
Observation: ""The most common respiratory disorder is asthma.""","Thought: I have found that the most common respiratory disorder is asthma. I can now provide this as the final answer.
Action:
{{
  ""name"": ""final_answer"",
  ""arguments"": {{""answer"": ""The most common respiratory disorder is asthma."" }}
}}"
"User: What is the most common digestive disorder?","Thought: The user wants to know the most common digestive disorder. I need to find the most recent data on the most common digestive disorder.
Action:
{{
  ""name"": ""web_search"",
  ""arguments"": {{""query"": ""most common digestive disorder""}}
}}"
"User: What is the most common digestive disorder?
Assistant: Thought: The user wants to know the most common digestive disorder. I need to find the most recent data on the most common digestive disorder.
Action:
{{
  ""name"": ""web_search"",
  ""arguments"": {{""query"": ""most common digestive disorder""}}
}}
Observation: ""The most common digestive disorder is gastroesophageal reflux disease (GERD).""","Thought: I have found that the most common digestive disorder is gastroesophageal reflux disease (GERD). I can now provide this as the final answer.
Action:
{{
  ""name"": ""final_answer"",
  ""arguments"": {{""answer"": ""The most common digestive disorder is gastroesophageal reflux disease (GERD)."" }}
}}"
"User: What is the most common urinary disorder?","Thought: The user wants to know the most common urinary disorder. I need to find the most recent data on the most common urinary disorder.
Action:
{{
  ""name"": ""web_search"",
  ""arguments"": {{""query"": ""most common urinary disorder""}}
}}"
"User: What is the most common urinary disorder?
Assistant: Thought: The user wants to know the most common urinary disorder. I need to find the most recent data on the most common urinary disorder.
Action:
{{
  ""name"": ""web_search"",
  ""arguments"": {{""query"": ""most common urinary disorder""}}
}}
Observation: ""The most common urinary disorder is urinary tract infection (UTI).""","Thought: I have found that the most common urinary disorder is urinary tract infection (UTI). I can now provide this as the final answer.
Action:
{{
  ""name"": ""final_answer"",
  ""arguments"": {{""answer"": ""The most common urinary disorder is urinary tract infection (UTI)."" }}
}}"
"User: What is the most common reproductive disorder?","Thought: The user wants to know the most common reproductive disorder. I need to find the most recent data on the most common reproductive disorder.
Action:
{{
  ""name"": ""web_search"",
  ""arguments"": {{""query"": ""most common reproductive disorder""}}
}}"
"User: What is the most common reproductive disorder?
Assistant: Thought: The user wants to know the most common reproductive disorder. I need to find the most recent data on the most common reproductive disorder.
Action:
{{
  ""name"": ""web_search"",
  ""arguments"": {{""query"": ""most common reproductive disorder""}}
}}
Observation: ""The most common reproductive disorder is polycystic ovary syndrome (PCOS).""","Thought: I have found that the most common reproductive disorder is polycystic ovary syndrome (PCOS). I can now provide this as the final answer.
Action:
{{
  ""name"": ""final_answer"",
  ""arguments"": {{""answer"": ""The most common reproductive disorder is polycystic ovary syndrome (PCOS)."" }}
}}"
"User: What is the most common musculoskeletal disorder?","Thought: The user wants to know the most common musculoskeletal disorder. I need to find the most recent data on the most common musculoskeletal disorder.
Action:
{{
  ""name"": ""web_search"",
  ""arguments"": {{""query"": ""most common musculoskeletal disorder""}}
}}"
"User: What is the most common musculoskeletal disorder?
Assistant: Thought: The user wants to know the most common musculoskeletal disorder. I need to find the most recent data on the most common musculoskeletal disorder.
Action:
{{
  ""name"": ""web_search"",
  ""arguments"": {{""query"": ""most common musculoskeletal disorder""}}
}}
Observation: ""The most common musculoskeletal disorder is osteoarthritis.""","Thought: I have found that the most common musculoskeletal disorder is osteoarthritis. I can now provide this as the final answer.
Action:
{{
  ""name"": ""final_answer"",
  ""arguments"": {{""answer"": ""The most common musculoskeletal disorder is osteoarthritis."" }}
}}"
"User: What is the most common skin disorder?","Thought: The user wants to know the most common skin disorder. I need to find the most recent data on the most common skin disorder.
Action:
{{
  ""name"": ""web_search"",
  ""arguments"": {{""query"": ""most common skin disorder""}}
}}"
"User: What is the most common skin disorder?
Assistant: Thought: The user wants to know the most common skin disorder. I need to find the most recent data on the most common skin disorder.
Action:
{{
  ""name"": ""web_search"",
  ""arguments"": {{""query"": ""most common skin disorder""}}
}}
Observation: ""The most common skin disorder is acne.""","Thought: I have found that the most common skin disorder is acne. I can now provide this as the final answer.
Action:
{{
  ""name"": ""final_answer"",
  ""arguments"": {{""answer"": ""The most common skin disorder is acne."" }}
}}"
"User: What is the most common eye disorder?","Thought: The user wants to know the most common eye disorder. I need to find the most recent data on the most common eye disorder.
Action:
{{
  ""name"": ""web_search"",
  ""arguments"": {{""query"": ""most common eye disorder""}}
}}"
"User: What is the most common eye disorder?
Assistant: Thought: The user wants to know the most common eye disorder. I need to find the most recent data on the most common eye disorder.
Action:
{{
  ""name"": ""web_search"",
  ""arguments"": {{""query"": ""most common eye disorder""}}
}}
Observation: ""The most common eye disorder is myopia.""","Thought: I have found that the most common eye disorder is myopia. I can now provide this as the final answer.
Action:
{{
  ""name"": ""final_answer"",
  ""arguments"": {{""answer"": ""The most common eye disorder is myopia."" }}
}}"
"User: What is the most common ear disorder?","Thought: The user wants to know the most common ear disorder. I need to find the most recent data on the most common ear disorder.
Action:
{{
  ""name"": ""web_search"",
  ""arguments"": {{""query"": ""most common ear disorder""}}
}}"
"User: What is the most common ear disorder?
Assistant: Thought: The user wants to know the most common ear disorder. I need to find the most recent data on the most common ear disorder.
Action:
{{
  ""name"": ""web_search"",
  ""arguments"": {{""query"": ""most common ear disorder""}}
}}
Observation: ""The most common ear disorder is otitis media.""","Thought: I have found that the most common ear disorder is otitis media. I can now provide this as the final answer.
Action:
{{
  ""name"": ""final_answer"",
  ""arguments"": {{""answer"": ""The most common ear disorder is otitis media."" }}
}}"
"User: What is the most common nose disorder?","Thought: The user wants to know the most common nose disorder. I need to find the most recent data on the most common nose disorder.
Action:
{{
  ""name"": ""web_search"",
  ""arguments"": {{""query"": ""most common nose disorder""}}
}}"
"User: What is the most common nose disorder?
Assistant: Thought: The user wants to know the most common nose disorder. I need to find the most recent data on the most common nose disorder.
Action:
{{
  ""name"": ""web_search"",
  ""arguments"": {{""query"": ""most common nose disorder""}}
}}
Observation: ""The most common nose disorder is allergic rhinitis.""","Thought: I have found that the most common nose disorder is allergic rhinitis. I can now provide this as the final answer.
Action:
{{
  ""name"": ""final_answer"",
  ""arguments"": {{""answer"": ""The most common nose disorder is allergic rhinitis."" }}
}}"
"User: What is the most common throat disorder?","Thought: The user wants to know the most common throat disorder. I need to find the most recent data on the most common throat disorder.
Action:
{{
  ""name"": ""web_search"",
  ""arguments"": {{""query"": ""most common throat disorder""}}
}}"
"User: What is the most common throat disorder?
Assistant: Thought: The user wants to know the most common throat disorder. I need to find the most recent data on the most common throat disorder.
Action:
{{
  ""name"": ""web_search"",
  ""arguments"": {{""query"": ""most common throat disorder""}}
}}
Observation: ""The most common throat disorder is pharyngitis.""","Thought: I have found that the most common throat disorder is pharyngitis. I can now provide this as the final answer.
Action:
{{
  ""name"": ""final_answer"",
  ""arguments"": {{""answer"": ""The most common throat disorder is pharyngitis."" }}
}}"
"User: What is the most common mouth disorder?","Thought: The user wants to know the most common mouth disorder. I need to find the most recent data on the most common mouth disorder.
Action:
{{
  ""name"": ""web_search"",
  ""arguments"": {{""query"": ""most common mouth disorder""}}
}}"
"User: What is the most common mouth disorder?
Assistant: Thought: The user wants to know the most common mouth disorder. I need to find the most recent data on the most common mouth disorder.
Action:
{{
  ""name"": ""web_search"",
  ""arguments"": {{""query"": ""most common mouth disorder""}}
}}
Observation: ""The most common mouth disorder is dental caries.""","Thought: I have found that the most common mouth disorder is dental caries. I can now provide this as the final answer.
Action:
{{
  ""name"": ""final_answer"",
  ""arguments"": {{""answer"": ""The most common mouth disorder is dental caries."" }}
}}"
"User: What is the most common tooth disorder?","Thought: The user wants to know the most common tooth disorder. I need to find the most recent data on the most common tooth disorder.
Action:
{{
  ""name"": ""web_search"",
  ""arguments"": {{""query"": ""most common tooth disorder""}}
}}"
"User: What is the most common tooth disorder?
Assistant: Thought: The user wants to know the most common tooth disorder. I need to find the most recent data on the most common tooth disorder.
Action:
{{
  ""name"": ""web_search"",
  ""arguments"": {{""query"": ""most common tooth disorder""}}
}}
Observation: ""The most common tooth disorder is dental caries.""","Thought: I have found that the most common tooth disorder is dental caries. I can now provide this as the final answer.
Action:
{{
  ""name"": ""final_answer"",
  ""arguments"": {{""answer"": ""The most common tooth disorder is dental caries."" }}
}}"
"User: What is the most common gum disorder?","Thought: The user wants to know the most common gum disorder. I need to find the most recent data on the most common gum disorder.
Action:
{{
  ""name"": ""web_search"",
  ""arguments"": {{""query"": ""most common gum disorder""}}
}}"
"User: What is the most common gum disorder?
Assistant: Thought: The user wants to know the most common gum disorder. I need to find the most recent data on the most common gum disorder.
Action:
{{
  ""name"": ""web_search"",
  ""arguments"": {{""query"": ""most common gum disorder""}}
}}
Observation: ""The most common gum disorder is gingivitis.""","Thought: I have found that the most common gum disorder is gingivitis. I can now provide this as the final answer.
Action:
{{
  ""name"": ""final_answer"",
  ""arguments"": {{""answer"": ""The most common gum disorder is gingivitis."" }}
}}"
"User: What is the most common tongue disorder?","Thought: The user wants to know the most common tongue disorder. I need to find the most recent data on the most common tongue disorder.
Action:
{{
  ""name"": ""web_search"",
  ""arguments"": {{""query"": ""most common tongue disorder""}}
}}"
"User: What is the most common tongue disorder?
Assistant: Thought: The user wants to know the most common tongue disorder. I need to find the most recent data on the most common tongue disorder.
Action:
{{
  ""name"": ""web_search"",
  ""arguments"": {{""query"": ""most common tongue disorder""}}
}}
Observation: ""The most common tongue disorder is geographic tongue.""","Thought: I have found that the most common tongue disorder is geographic tongue. I can now provide this as the final answer.
Action:
{{
  ""name"": ""final_answer"",
  ""arguments"": {{""answer"": ""The most common tongue disorder is geographic tongue."" }}
}}"
"User: What is the most common lip disorder?","Thought: The user wants to know the most common lip disorder. I need to find the most recent data on the most common lip disorder.
Action:
{{
  ""name"": ""web_search"",
  ""arguments"": {{""query"": ""most common lip disorder""}}
}}"
"User: What is the most common lip disorder?
Assistant: Thought: The user wants to know the most common lip disorder. I need to find the most recent data on the most common lip disorder.
Action:
{{
  ""name"": ""web_search"",
  ""arguments"": {{""query"": ""most common lip disorder""}}
}}
Observation: ""The most common lip disorder is cheilitis.""","Thought: I have found that the most common lip disorder is cheilitis. I can now provide this as the final answer.
Action:
{{
  ""name"": ""final_answer"",
  ""arguments"": {{""answer"": ""The most common lip disorder is cheilitis."" }}
}}"
"User: What is the most common jaw disorder?","Thought: The user wants to know the most common jaw disorder. I need to find the most recent data on the most common jaw disorder.
Action:
{{
  ""name"": ""web_search"",
  ""arguments"": {{""query"": ""most common jaw disorder""}}
}}"
"User: What is the most common jaw disorder?
Assistant: Thought: The user wants to know the most common jaw disorder. I need to find the most recent data on the most common jaw disorder.
Action:
{{
  ""name"": ""web_search"",
  ""arguments"": {{""query"": ""most common jaw disorder""}}
}}
Observation: ""The most common jaw disorder is temporomandibular joint disorder (TMJ).""","Thought: I have found that the most common jaw disorder is temporomandibular joint disorder (TMJ). I can now provide this as the final answer.
Action:
{{
  ""name"": ""final_answer"",
  ""arguments"": {{""answer"": ""The most common jaw disorder is temporomandibular joint disorder (TMJ)."" }}
}}"
"User: What is the most common neck disorder?","Thought: The user wants to know the most common neck disorder. I need to find the most recent data on the most common neck disorder.
Action:
{{
  ""name"": ""web_search"",
  ""arguments"": {{""query"": ""most common neck disorder""}}
}}"
"User: What is the most common neck disorder?
Assistant: Thought: The user wants to know the most common neck disorder. I need to find the most recent data on the most common neck disorder.
Action:
{{
  ""name"": ""web_search"",
  ""arguments"": {{""query"": ""most common neck disorder""}}
}}
Observation: ""The most common neck disorder is cervical spondylosis.""","Thought: I have found that the most common neck disorder is cervical spondylosis. I can now provide this as the final answer.
Action:
{{
  ""name"": ""final_answer"",
  ""arguments"": {{""answer"": ""The most common neck disorder is cervical spondylosis."" }}
}}"
"User: What is the most common shoulder disorder?","Thought: The user wants to know the most common shoulder disorder. I need to find the most recent data on the most common shoulder disorder.
Action:
{{
  ""name"": ""web_search"",
  ""arguments"": {{""query"": ""most common shoulder disorder""}}
}}"
"User: What is the most common shoulder disorder?
Assistant: Thought: The user wants to know the most common shoulder disorder. I need to find the most recent data on the most common shoulder disorder.
Action:
{{
  ""name"": ""web_search"",
  ""arguments"": {{""query"": ""most common shoulder disorder""}}
}}
Observation: ""The most common shoulder disorder is rotator cuff tendinitis.""","Thought: I have found that the most common shoulder disorder is rotator cuff tendinitis. I can now provide this as the final answer.
Action:
{{
  ""name"": ""final_answer"",
  ""arguments"": {{""answer"": ""The most common shoulder disorder is rotator cuff tendinitis."" }}
}}"
"User: What is the most common elbow disorder?","Thought: The user wants to know the most common elbow disorder. I need to find the most recent data on the most common elbow disorder.
Action:
{{
  ""name"": ""web_search"",
  ""arguments"": {{""query"": ""most common elbow disorder""}}
}}"
"User: What is the most common elbow disorder?
Assistant: Thought: The user wants to know the most common elbow disorder. I need to find the most recent data on the most common elbow disorder.
Action:
{{
  ""name"": ""web_search"",
  ""arguments"": {{""query"": ""most common elbow disorder""}}
}}
Observation: ""The most common elbow disorder is tennis elbow.""","Thought: I have found that the most common elbow disorder is tennis elbow. I can now provide this as the final answer.
Action:
{{
  ""name"": ""final_answer"",
  ""arguments"": {{""answer"": ""The most common elbow disorder is tennis elbow."" }}
}}"
"User: What is the most common wrist disorder?","Thought: The user wants to know the most common wrist disorder. I need to find the most recent data on the most common wrist disorder.
Action:
{{
  ""name"": ""web_search"",
  ""arguments"": {{""query"": ""most common wrist disorder""}}
}}"
"User: What is the most common wrist disorder?
Assistant: Thought: The user wants to know the most common wrist disorder. I need to find the most recent data on the most common wrist disorder.
Action:
{{
  ""name"": ""web_search"",
  ""arguments"": {{""query"": ""most common wrist disorder""}}
}}
Observation: ""The most common wrist disorder is carpal tunnel syndrome.""","Thought: I have found that the most common wrist disorder is carpal tunnel syndrome. I can now provide this as the final answer.
Action:
{{
  ""name"": ""final_answer"",
  ""arguments"": {{""answer"": ""The most common wrist disorder is carpal tunnel syndrome."" }}
}}"
"User: What is the most common hand disorder?","Thought: The user wants to know the most common hand disorder. I need to find the most recent data on the most common hand disorder.
Action:
{{
  ""name"": ""web_search"",
  ""arguments"": {{""query"": ""most common hand disorder""}}
}}"
"User: What is the most common hand disorder?
Assistant: Thought: The user wants to know the most common hand disorder. I need to find the most recent data on the most common hand disorder.
Action:
{{
  ""name"": ""web_search"",
  ""arguments"": {{""query"": ""most common hand disorder""}}
}}
Observation: ""The most common hand disorder is osteoarthritis.""","Thought: I have found that the most common hand disorder is osteoarthritis. I can now provide this as the final answer.
Action:
{{
  ""name"": ""final_answer"",
  ""arguments"": {{""answer"": ""The most common hand disorder is osteoarthritis."" }}
}}"
"User: What is the most common finger disorder?","Thought: The user wants to know the most common finger disorder. I need to find the most recent data on the most common finger disorder.
Action:
{{
  ""name"": ""web_search"",
  ""arguments"": {{""query"": ""most common finger disorder""}}
}}"
"User: What is the most common finger disorder?
Assistant: Thought: The user wants to know the most common finger disorder. I need to find the most recent data on the most common finger disorder.
Action:
{{
  ""name"": ""web_search"",
  ""arguments"": {{""query"": ""most common finger disorder""}}
}}
Observation: ""The most common finger disorder is trigger finger.""","Thought: I have found that the most common finger disorder is trigger finger. I can now provide this as the final answer.
Action:
{{
  ""name"": ""final_answer"",
  ""arguments"": {{""answer"": ""The most common finger disorder is trigger finger."" }}
}}"
"User: What is the most common hip disorder?","Thought: The user wants to know the most common hip disorder. I need to find the most recent data on the most common hip disorder.
Action:
{{
  ""name"": ""web_search"",
  ""arguments"": {{""query"": ""most common hip disorder""}}
}}"
"User: What is the most common hip disorder?
}}" 